YEAR,DANE_sede,MATEMATICAS_PUNT,x,y,students
2004,105001000001,38.74823502933278,-75.550323,6.303875,17
2005,105001000001,42.14200007120768,-75.550323,6.303875,15
2006,105001000001,43.07290322580646,-75.550323,6.303875,31
2007,105001000001,40.155,-75.550323,6.303875,22
2008,105001000001,44.30608695652173,-75.550323,6.303875,23
2009,105001000001,42.23454545454545,-75.550323,6.303875,33
2010,105001000001,42.30866666666667,-75.550323,6.303875,30
2011,105001000001,50.47826086956522,-75.550323,6.303875,23
2012,105001000001,50.07692307692308,-75.550323,6.303875,26
2013,105001000001,44.62962962962963,-75.550323,6.303875,27
2004,105001000108,42.09844473385214,-75.561516,6.246161,759
2005,105001000108,45.68570679394044,-75.561516,6.246161,927
2006,105001000108,46.14550758459761,-75.561516,6.246161,857
2007,105001000108,45.8220745920745,-75.561516,6.246161,858
2008,105001000108,45.55389071038253,-75.561516,6.246161,915
2009,105001000108,46.3562281722933,-75.561516,6.246161,859
2010,105001000108,47.44323353293406,-75.561516,6.246161,1169
2011,105001000108,50.851593625498,-75.561516,6.246161,1004
2012,105001000108,48.81748318924112,-75.561516,6.246161,1041
2013,105001000108,46.57911392405063,-75.561516,6.246161,948
2004,105001000141,40.82199923197428,-75.557442,6.2766037,30
2005,105001000141,43.06281262636185,-75.557442,6.2766037,32
2006,105001000141,42.25782608695652,-75.557442,6.2766037,23
2007,105001000141,45.88694444444446,-75.557442,6.2766037,36
2008,105001000141,44.64696969696971,-75.557442,6.2766037,33
2009,105001000141,42.76428571428571,-75.557442,6.2766037,28
2010,105001000141,41.07157894736843,-75.557442,6.2766037,38
2011,105001000141,43.5,-75.557442,6.2766037,30
2012,105001000141,46.77777777777778,-75.557442,6.2766037,36
2013,105001000141,39.55555555555556,-75.557442,6.2766037,27
2004,105001000175,39.80189153310415,-75.548561,6.2770023,37
2005,105001000175,43.00410309816018,-75.548561,6.2770023,39
2006,105001000175,43.23813559322036,-75.548561,6.2770023,59
2007,105001000175,43.52303571428573,-75.548561,6.2770023,56
2008,105001000175,44.07791666666668,-75.548561,6.2770023,72
2009,105001000175,40.85999999999997,-75.548561,6.2770023,103
2010,105001000175,42.97518518518522,-75.548561,6.2770023,108
2011,105001000175,44.34285714285714,-75.548561,6.2770023,105
2012,105001000175,41.35294117647059,-75.548561,6.2770023,51
2013,105001000175,41.68181818181818,-75.548561,6.2770023,66
2004,105001000256,37.85127619479565,-75.560104,6.2454786,47
2005,105001000256,41.8097061549916,-75.560104,6.2454786,68
2006,105001000256,46.77032258064516,-75.560104,6.2454786,62
2007,105001000256,46.9994936708861,-75.560104,6.2454786,79
2008,105001000256,43.38329411764707,-75.560104,6.2454786,85
2009,105001000256,43.37529411764704,-75.560104,6.2454786,102
2010,105001000256,41.5632450331126,-75.560104,6.2454786,151
2011,105001000256,45.21259842519685,-75.560104,6.2454786,127
2012,105001000256,43.28571428571428,-75.560104,6.2454786,154
2013,105001000256,44.73451327433628,-75.560104,6.2454786,113
2004,105001000396,39.92981430336281,-75.589973,6.202352,54
2005,105001000396,42.24933331807454,-75.589973,6.202352,75
2006,105001000396,46.2104761904762,-75.589973,6.202352,63
2007,105001000396,45.13951219512197,-75.589973,6.202352,82
2008,105001000396,43.94988636363637,-75.589973,6.202352,88
2009,105001000396,44.37330827067666,-75.589973,6.202352,133
2010,105001000396,43.25488000000001,-75.589973,6.202352,125
2011,105001000396,46.97887323943662,-75.589973,6.202352,142
2012,105001000396,46.55371900826447,-75.589973,6.202352,121
2013,105001000396,41.97744360902256,-75.589973,6.202352,133
2004,105001000418,40.95906192064285,-75.554932,6.2351012,32
2005,105001000418,43.74763165022198,-75.554932,6.2351012,76
2006,105001000418,46.2371794871795,-75.554932,6.2351012,39
2007,105001000418,41.5198780487805,-75.554932,6.2351012,82
2008,105001000418,45.15850000000002,-75.554932,6.2351012,100
2009,105001000418,42.47659340659339,-75.554932,6.2351012,91
2010,105001000418,44.37244897959186,-75.554932,6.2351012,98
2011,105001000418,46.69642857142857,-75.554932,6.2351012,112
2012,105001000418,46.4070796460177,-75.554932,6.2351012,113
2013,105001000418,43.81188118811881,-75.554932,6.2351012,101
2004,105001000485,40.96417519286439,-75.587669,6.2125325,91
2005,105001000485,43.53826703389485,-75.587669,6.2125325,150
2006,105001000485,46.81576388888887,-75.587669,6.2125325,144
2007,105001000485,46.46613793103447,-75.587669,6.2125325,145
2008,105001000485,48.22355140186919,-75.587669,6.2125325,107
2009,105001000485,46.2587333333333,-75.587669,6.2125325,150
2010,105001000485,47.5142105263158,-75.587669,6.2125325,152
2011,105001000485,50.14,-75.587669,6.2125325,150
2012,105001000485,48.90697674418605,-75.587669,6.2125325,129
2013,105001000485,48.02380952380953,-75.587669,6.2125325,126
2004,105001000566,41.60166613260905,-75.554062,6.2451425,36
2005,105001000566,47.08900024414063,-75.554062,6.2451425,50
2006,105001000566,43.52813559322037,-75.554062,6.2451425,59
2007,105001000566,43.91750000000003,-75.554062,6.2451425,72
2008,105001000566,43.47535714285715,-75.554062,6.2451425,56
2009,105001000566,43.70666666666666,-75.554062,6.2451425,57
2010,105001000566,45.36290909090908,-75.554062,6.2451425,55
2011,105001000566,43.72857142857143,-75.554062,6.2451425,70
2012,105001000566,44.61538461538461,-75.554062,6.2451425,78
2013,105001000566,42.05063291139241,-75.554062,6.2451425,79
2004,105001000621,40.24680803177205,-75.548325,6.2537227,94
2005,105001000621,43.50805111254676,-75.548325,6.2537227,118
2006,105001000621,46.24871794871794,-75.548325,6.2537227,117
2007,105001000621,46.42623188405795,-75.548325,6.2537227,138
2008,105001000621,44.19232000000002,-75.548325,6.2537227,125
2009,105001000621,45.49060869565214,-75.548325,6.2537227,115
2010,105001000621,46.15057553956839,-75.548325,6.2537227,139
2011,105001000621,49.61940298507463,-75.548325,6.2537227,134
2012,105001000621,49.50476190476191,-75.548325,6.2537227,105
2013,105001000621,48.02752293577981,-75.548325,6.2537227,109
2004,105001000795,40.61183857095653,-75.573692,6.2962632,87
2005,105001000795,44.08325023651123,-75.573692,6.2962632,120
2006,105001000795,42.52219999999998,-75.573692,6.2962632,150
2007,105001000795,43.12078014184397,-75.573692,6.2962632,141
2008,105001000795,43.49104166666669,-75.573692,6.2962632,96
2009,105001000795,41.26058333333331,-75.573692,6.2962632,120
2010,105001000795,41.13450000000001,-75.573692,6.2962632,140
2011,105001000795,41.98181818181818,-75.573692,6.2962632,110
2012,105001000795,41.25252525252525,-75.573692,6.2962632,99
2013,105001000795,42.74725274725274,-75.573692,6.2962632,91
2004,105001000868,41.08333276112874,-75.614502,6.2347651,30
2005,105001000868,38.96947419015985,-75.614502,6.2347651,19
2006,105001000868,44.24485714285716,-75.614502,6.2347651,35
2007,105001000868,40.59096153846156,-75.614502,6.2347651,52
2008,105001000868,42.23561403508771,-75.614502,6.2347651,57
2009,105001000868,39.52355932203391,-75.614502,6.2347651,59
2010,105001000868,41.95064516129034,-75.614502,6.2347651,62
2011,105001000868,42.20689655172414,-75.614502,6.2347651,58
2012,105001000868,43.74358974358974,-75.614502,6.2347651,39
2013,105001000868,43.66666666666666,-75.614502,6.2347651,51
2004,105001000876,39.45695611704951,-75.565208,6.2676029,46
2005,105001000876,43.55328380527781,-75.565208,6.2676029,67
2006,105001000876,45.53950819672133,-75.565208,6.2676029,61
2007,105001000876,44.47063829787236,-75.565208,6.2676029,94
2008,105001000876,44.57693069306931,-75.565208,6.2676029,101
2009,105001000876,43.28240875912407,-75.565208,6.2676029,137
2010,105001000876,43.44010101010102,-75.565208,6.2676029,99
2011,105001000876,43.53571428571428,-75.565208,6.2676029,112
2012,105001000876,43.59090909090909,-75.565208,6.2676029,88
2013,105001000876,45.19444444444444,-75.565208,6.2676029,72
2004,105001000931,41.63028519040062,-75.569153,6.3079247,105
2005,105001000931,45.01605303245678,-75.569153,6.3079247,114
2006,105001000931,46.01022556390974,-75.569153,6.3079247,133
2007,105001000931,47.16886699507382,-75.569153,6.3079247,203
2008,105001000931,45.15765306122452,-75.569153,6.3079247,196
2009,105001000931,44.83829113924049,-75.569153,6.3079247,158
2010,105001000931,46.10600000000001,-75.569153,6.3079247,205
2011,105001000931,48.7719298245614,-75.569153,6.3079247,171
2012,105001000931,46.28292682926829,-75.569153,6.3079247,205
2013,105001000931,45.7536231884058,-75.569153,6.3079247,138
2004,105001000981,40.08155860695788,-75.5625,6.2840261,186
2005,105001000981,44.25784717906605,-75.5625,6.2840261,209
2006,105001000981,45.17154185022019,-75.5625,6.2840261,227
2007,105001000981,43.62208904109579,-75.5625,6.2840261,292
2008,105001000981,43.62298076923081,-75.5625,6.2840261,208
2009,105001000981,42.1419272727272,-75.5625,6.2840261,275
2010,105001000981,43.42210116731519,-75.5625,6.2840261,257
2011,105001000981,47.51612903225806,-75.5625,6.2840261,155
2012,105001000981,44.72767857142857,-75.5625,6.2840261,224
2013,105001000981,45.09467455621301,-75.5625,6.2840261,169
2004,105001000990,39.76198419177805,-75.548691,6.239666,131
2005,105001000990,43.40327422959464,-75.548691,6.239666,168
2006,105001000990,41.93236024844719,-75.548691,6.239666,161
2007,105001000990,42.80048128342241,-75.548691,6.239666,187
2008,105001000990,42.49125984251971,-75.548691,6.239666,127
2009,105001000990,42.42389473684204,-75.548691,6.239666,190
2010,105001000990,41.28132450331124,-75.548691,6.239666,151
2011,105001000990,43.4671052631579,-75.548691,6.239666,152
2012,105001000990,43.13868613138686,-75.548691,6.239666,137
2013,105001000990,41.37404580152672,-75.548691,6.239666,131
2004,105001001121,40.29859298467636,-75.550156,6.2685838,64
2005,105001001121,43.20045481595126,-75.550156,6.2685838,110
2006,105001001121,43.27236842105263,-75.550156,6.2685838,114
2007,105001001121,43.86266666666663,-75.550156,6.2685838,120
2008,105001001121,45.41870689655175,-75.550156,6.2685838,116
2009,105001001121,45.60109589041094,-75.550156,6.2685838,73
2010,105001001121,43.74117021276599,-75.550156,6.2685838,94
2011,105001001121,46.33620689655172,-75.550156,6.2685838,116
2012,105001001121,44.70422535211268,-75.550156,6.2685838,142
2013,105001001121,44.98540145985402,-75.550156,6.2685838,137
2004,105001001155,40.13508415222168,-75.549759,6.2846475,59
2005,105001001155,43.8690003712972,-75.549759,6.2846475,60
2006,105001001155,43.3128048780488,-75.549759,6.2846475,82
2007,105001001155,42.63386666666669,-75.549759,6.2846475,75
2008,105001001155,43.53666666666668,-75.549759,6.2846475,78
2009,105001001155,43.18204819277108,-75.549759,6.2846475,83
2010,105001001155,44.18508771929823,-75.549759,6.2846475,57
2011,105001001155,42.86046511627907,-75.549759,6.2846475,86
2012,105001001155,44.08256880733945,-75.549759,6.2846475,109
2013,105001001155,42.23170731707317,-75.549759,6.2846475,82
2004,105001001236,39.34255255029557,-75.54612,6.2767906,47
2005,105001001236,41.89573813266441,-75.54612,6.2767906,61
2006,105001001236,42.31675000000001,-75.54612,6.2767906,40
2007,105001001236,42.17135593220343,-75.54612,6.2767906,59
2008,105001001236,40.95425925925926,-75.54612,6.2767906,54
2009,105001001236,42.78577777777778,-75.54612,6.2767906,45
2010,105001001236,43.84255813953489,-75.54612,6.2767906,43
2011,105001001236,47.72727272727273,-75.54612,6.2767906,55
2012,105001001236,46.08,-75.54612,6.2767906,50
2013,105001001236,43.31707317073171,-75.54612,6.2767906,41
2004,105001001252,40.17899957384382,-75.613228,6.2506886,70
2005,105001001252,43.79380967881944,-75.613228,6.2506886,63
2006,105001001252,44.42120000000003,-75.613228,6.2506886,50
2007,105001001252,43.77048076923078,-75.613228,6.2506886,104
2008,105001001252,44.28261904761905,-75.613228,6.2506886,84
2009,105001001252,42.58399999999998,-75.613228,6.2506886,85
2010,105001001252,42.78947368421054,-75.613228,6.2506886,76
2011,105001001252,46.8235294117647,-75.613228,6.2506886,68
2012,105001001252,43.83870967741935,-75.613228,6.2506886,62
2013,105001001252,43.52054794520548,-75.613228,6.2506886,73
2004,105001001279,40.41942811693464,-75.555389,6.2905393,70
2005,105001001279,42.43745126911238,-75.555389,6.2905393,102
2006,105001001279,43.9497247706422,-75.555389,6.2905393,109
2007,105001001279,41.599724137931,-75.555389,6.2905393,145
2008,105001001279,40.70228395061732,-75.555389,6.2905393,162
2009,105001001279,39.98837037037035,-75.555389,6.2905393,135
2010,105001001279,41.29300000000003,-75.555389,6.2905393,130
2011,105001001279,41.65420560747663,-75.555389,6.2905393,107
2012,105001001279,44.85714285714285,-75.555389,6.2905393,91
2013,105001001279,43.25563909774436,-75.555389,6.2905393,133
2004,105001001368,39.04533309936524,-75.551941,6.2689891,15
2005,105001001368,41.80366725921631,-75.551941,6.2689891,30
2006,105001001368,45.92620689655173,-75.551941,6.2689891,29
2007,105001001368,42.25242424242426,-75.551941,6.2689891,33
2008,105001001368,41.21425000000001,-75.551941,6.2689891,40
2009,105001001368,41.05904761904763,-75.551941,6.2689891,42
2010,105001001368,41.865,-75.551941,6.2689891,32
2011,105001001368,42.96153846153846,-75.551941,6.2689891,26
2012,105001001368,47.55555555555556,-75.551941,6.2689891,18
2013,105001001368,46.11111111111111,-75.551941,6.2689891,18
2004,105001001473,40.7190319184334,-75.548561,6.2663603,31
2005,105001001473,43.32388927318431,-75.548561,6.2663603,54
2006,105001001473,43.07644067796612,-75.548561,6.2663603,59
2007,105001001473,43.34109589041099,-75.548561,6.2663603,73
2008,105001001473,45.60022988505748,-75.548561,6.2663603,87
2009,105001001473,40.40225352112676,-75.548561,6.2663603,71
2010,105001001473,42.87492537313436,-75.548561,6.2663603,67
2011,105001001473,45.18604651162791,-75.548561,6.2663603,43
2012,105001001473,43.08695652173913,-75.548561,6.2663603,69
2013,105001001473,43.0377358490566,-75.548561,6.2663603,53
2004,105001001490,40.45684149390772,-75.611473,6.2571406,152
2005,105001001490,44.14278870362502,-75.611473,6.2571406,208
2006,105001001490,43.35716738197415,-75.611473,6.2571406,233
2007,105001001490,44.12145593869723,-75.611473,6.2571406,261
2008,105001001490,43.73747524752478,-75.611473,6.2571406,202
2009,105001001490,45.67271186440675,-75.611473,6.2571406,177
2010,105001001490,45.67391634980988,-75.611473,6.2571406,263
2011,105001001490,50.34684684684684,-75.611473,6.2571406,222
2012,105001001490,47.77810650887574,-75.611473,6.2571406,338
2013,105001001490,45.22268907563025,-75.611473,6.2571406,238
2004,105001001562,40.95826029201636,-75.559952,6.2484221,207
2005,105001001562,43.73354872250886,-75.559952,6.2484221,217
2006,105001001562,44.18868055555544,-75.559952,6.2484221,288
2007,105001001562,45.11753138075304,-75.559952,6.2484221,239
2008,105001001562,43.64364197530861,-75.559952,6.2484221,324
2009,105001001562,44.85292775665396,-75.559952,6.2484221,263
2010,105001001562,46.34651162790701,-75.559952,6.2484221,301
2011,105001001562,47.97916666666666,-75.559952,6.2484221,240
2012,105001001562,46.05179282868526,-75.559952,6.2484221,251
2013,105001001562,44.18636363636364,-75.559952,6.2484221,220
2004,105001001635,40.92318783635678,-75.597961,6.2293525,69
2005,105001001635,45.8932674143574,-75.597961,6.2293525,101
2006,105001001635,46.86346153846154,-75.597961,6.2293525,104
2007,105001001635,46.64429687499997,-75.597961,6.2293525,128
2008,105001001635,48.96545454545456,-75.597961,6.2293525,99
2009,105001001635,46.99131313131311,-75.597961,6.2293525,99
2010,105001001635,47.26993589743592,-75.597961,6.2293525,156
2011,105001001635,49.08333333333334,-75.597961,6.2293525,144
2012,105001001635,49.08074534161491,-75.597961,6.2293525,161
2013,105001001635,47.13076923076923,-75.597961,6.2293525,130
2004,105001001651,40.77347755432129,-75.556961,6.2587671,23
2005,105001001651,44.13320068359375,-75.556961,6.2587671,25
2006,105001001651,46.8225581395349,-75.556961,6.2587671,43
2007,105001001651,44.81645833333334,-75.556961,6.2587671,48
2008,105001001651,43.42750000000001,-75.556961,6.2587671,68
2009,105001001651,43.10171428571429,-75.556961,6.2587671,70
2010,105001001651,46.0224691358025,-75.556961,6.2587671,81
2011,105001001651,48.43333333333333,-75.556961,6.2587671,60
2012,105001001651,44.58974358974359,-75.556961,6.2587671,78
2013,105001001651,45.05,-75.556961,6.2587671,60
2004,105001001660,40.36628526960101,-75.552139,6.2850332,35
2005,105001001660,44.9648650916847,-75.552139,6.2850332,37
2006,105001001660,46.16900000000003,-75.552139,6.2850332,40
2007,105001001660,43.56141025641027,-75.552139,6.2850332,78
2008,105001001660,45.5323076923077,-75.552139,6.2850332,52
2009,105001001660,44.39309090909091,-75.552139,6.2850332,55
2010,105001001660,41.57376811594205,-75.552139,6.2850332,69
2011,105001001660,41.025,-75.552139,6.2850332,40
2012,105001001660,43.06060606060606,-75.552139,6.2850332,33
2013,105001001660,40.93617021276596,-75.552139,6.2850332,47
2004,105001001791,40.11767396261526,-75.588028,6.2687759,43
2005,105001001791,44.46982484114798,-75.588028,6.2687759,57
2006,105001001791,47.88129629629633,-75.588028,6.2687759,54
2007,105001001791,44.46269841269845,-75.588028,6.2687759,63
2008,105001001791,46.82380281690143,-75.588028,6.2687759,71
2009,105001001791,44.26624999999999,-75.588028,6.2687759,72
2010,105001001791,47.66367346938775,-75.588028,6.2687759,49
2011,105001001791,49.82978723404256,-75.588028,6.2687759,47
2012,105001001791,52.66,-75.588028,6.2687759,50
2013,105001001791,46.21538461538461,-75.588028,6.2687759,65
2004,105001001805,40.06843674182892,-75.544754,6.3024378,32
2005,105001001805,43.83857185986577,-75.544754,6.3024378,49
2006,105001001805,44.48756097560978,-75.544754,6.3024378,41
2007,105001001805,42.16255319148937,-75.544754,6.3024378,47
2008,105001001805,42.16,-75.544754,6.3024378,66
2009,105001001805,42.18380952380953,-75.544754,6.3024378,84
2010,105001001805,40.12392405063294,-75.544754,6.3024378,79
2011,105001001805,43.23456790123457,-75.544754,6.3024378,81
2012,105001001805,43.5531914893617,-75.544754,6.3024378,94
2013,105001001805,42.1948051948052,-75.544754,6.3024378,77
2004,105001001848,39.09666610899426,-75.567627,6.3004222,42
2005,105001001848,43.80698653443219,-75.567627,6.3004222,73
2006,105001001848,45.78705882352943,-75.567627,6.3004222,68
2007,105001001848,47.89843137254903,-75.567627,6.3004222,51
2008,105001001848,46.35190476190477,-75.567627,6.3004222,63
2009,105001001848,44.37277777777776,-75.567627,6.3004222,54
2010,105001001848,45.67884057971018,-75.567627,6.3004222,69
2011,105001001848,48.32432432432432,-75.567627,6.3004222,74
2012,105001001848,48.82432432432432,-75.567627,6.3004222,74
2013,105001001848,47.53246753246754,-75.567627,6.3004222,77
2004,105001002011,41.45409773216873,-75.557915,6.2407537,122
2005,105001002011,45.23000005880991,-75.557915,6.2407537,144
2006,105001002011,49.6051764705882,-75.557915,6.2407537,170
2007,105001002011,46.88744047619042,-75.557915,6.2407537,168
2008,105001002011,46.63077464788736,-75.557915,6.2407537,142
2009,105001002011,44.83725888324872,-75.557915,6.2407537,197
2010,105001002011,44.21802030456857,-75.557915,6.2407537,197
2011,105001002011,48.50920245398773,-75.557915,6.2407537,163
2012,105001002011,46.30084745762712,-75.557915,6.2407537,236
2013,105001002011,44.99547511312217,-75.557915,6.2407537,221
2004,105001002020,40.58741012641362,-75.603546,6.2491097,112
2005,105001002020,45.14279295087935,-75.603546,6.2491097,111
2006,105001002020,43.33055999999998,-75.603546,6.2491097,125
2007,105001002020,43.44852459016393,-75.603546,6.2491097,122
2008,105001002020,44.90585034013611,-75.603546,6.2491097,147
2009,105001002020,44.13731249999998,-75.603546,6.2491097,160
2010,105001002020,47.27648,-75.603546,6.2491097,125
2011,105001002020,48.35606060606061,-75.603546,6.2491097,132
2012,105001002020,45.5974025974026,-75.603546,6.2491097,154
2013,105001002020,46.47727272727273,-75.603546,6.2491097,132
2004,105001002038,40.50514232090541,-75.558594,6.28545,35
2005,105001002038,45.84466667175293,-75.558594,6.28545,30
2006,105001002038,42.75461538461538,-75.558594,6.28545,26
2007,105001002038,45.35634146341464,-75.558594,6.28545,41
2008,105001002038,42.7922857142857,-75.558594,6.28545,35
2009,105001002038,47.72756097560976,-75.558594,6.28545,41
2010,105001002038,48.72394736842106,-75.558594,6.28545,38
2011,105001002038,51.69047619047619,-75.558594,6.28545,42
2012,105001002038,48.81132075471698,-75.558594,6.28545,53
2013,105001002038,42.54166666666666,-75.558594,6.28545,48
2004,105001002101,41.93111080593533,-75.553574,6.2807388,18
2005,105001002101,44.89272741837935,-75.553574,6.2807388,22
2006,105001002101,44.11884615384615,-75.553574,6.2807388,26
2007,105001002101,42.92866666666667,-75.553574,6.2807388,30
2008,105001002101,44.74523076923079,-75.553574,6.2807388,65
2009,105001002101,43.25288135593219,-75.553574,6.2807388,59
2010,105001002101,42.04986486486489,-75.553574,6.2807388,74
2011,105001002101,44.42307692307692,-75.553574,6.2807388,78
2012,105001002101,44.6764705882353,-75.553574,6.2807388,68
2013,105001002101,43.02941176470588,-75.553574,6.2807388,68
2004,105001002119,40.71566751611378,-75.586601,6.2569165,247
2005,105001002119,44.61206072898366,-75.586601,6.2569165,199
2006,105001002119,46.38134020618551,-75.586601,6.2569165,194
2007,105001002119,44.60290178571423,-75.586601,6.2569165,224
2008,105001002119,43.91881773399017,-75.586601,6.2569165,203
2009,105001002119,43.19310734463276,-75.586601,6.2569165,177
2010,105001002119,45.16191780821919,-75.586601,6.2569165,73
2011,105001002119,46.10457516339869,-75.586601,6.2569165,153
2012,105001002119,44.13422818791946,-75.586601,6.2569165,149
2013,105001002119,43.84967320261438,-75.586601,6.2569165,153
2004,105001002135,38.62111063356753,-75.54361,6.2696452,27
2005,105001002135,43.50058864144718,-75.54361,6.2696452,34
2006,105001002135,43.44368421052631,-75.54361,6.2696452,19
2007,105001002135,45.82161290322581,-75.54361,6.2696452,31
2008,105001002135,45.35962962962963,-75.54361,6.2696452,54
2009,105001002135,42.01621621621622,-75.54361,6.2696452,37
2010,105001002135,42.73981481481483,-75.54361,6.2696452,54
2011,105001002135,41.69014084507042,-75.54361,6.2696452,71
2012,105001002135,45.52,-75.54361,6.2696452,50
2013,105001002135,41.34285714285714,-75.54361,6.2696452,35
2004,105001002461,40.58853284200033,-75.599426,6.2460065,75
2005,105001002461,44.87272728263558,-75.599426,6.2460065,77
2006,105001002461,45.16100840336133,-75.599426,6.2460065,119
2007,105001002461,45.29301724137928,-75.599426,6.2460065,116
2008,105001002461,44.80044943820224,-75.599426,6.2460065,89
2009,105001002461,44.55337662337661,-75.599426,6.2460065,77
2010,105001002461,46.58642105263158,-75.599426,6.2460065,95
2011,105001002461,50.42045454545455,-75.599426,6.2460065,88
2012,105001002461,49.79611650485437,-75.599426,6.2460065,103
2013,105001002461,50.45555555555556,-75.599426,6.2460065,90
2004,105001002470,40.46987726630234,-75.578804,6.2788649,82
2005,105001002470,43.77851883217141,-75.578804,6.2788649,135
2006,105001002470,45.98263157894738,-75.578804,6.2788649,114
2007,105001002470,44.82940740740738,-75.578804,6.2788649,135
2008,105001002470,43.07271276595748,-75.578804,6.2788649,188
2009,105001002470,44.15033333333331,-75.578804,6.2788649,150
2010,105001002470,43.08101321585905,-75.578804,6.2788649,227
2011,105001002470,45.90666666666667,-75.578804,6.2788649,225
2012,105001002470,45.04242424242424,-75.578804,6.2788649,165
2013,105001002470,44.94047619047619,-75.578804,6.2788649,168
2004,105001002488,40.74820448394514,-75.554031,6.2612147,117
2005,105001002488,43.24016158811508,-75.554031,6.2612147,124
2006,105001002488,45.51715328467152,-75.554031,6.2612147,137
2007,105001002488,44.33978723404257,-75.554031,6.2612147,94
2008,105001002488,42.02600000000002,-75.554031,6.2612147,65
2009,105001002488,43.37557692307692,-75.554031,6.2612147,52
2010,105001002488,43.4921052631579,-75.554031,6.2612147,38
2011,105001002488,45.21739130434783,-75.554031,6.2612147,46
2012,105001002488,43.46875,-75.554031,6.2612147,32
2013,105001002488,42.75,-75.554031,6.2612147,36
2004,105001002526,40.83826622009278,-75.612434,6.2546239,75
2005,105001002526,44.77778860238882,-75.612434,6.2546239,104
2006,105001002526,46.20788990825688,-75.612434,6.2546239,109
2007,105001002526,45.89103773584905,-75.612434,6.2546239,106
2008,105001002526,45.50343434343436,-75.612434,6.2546239,99
2009,105001002526,42.40253968253968,-75.612434,6.2546239,126
2010,105001002526,43.08118750000001,-75.612434,6.2546239,160
2011,105001002526,46.0754716981132,-75.612434,6.2546239,106
2012,105001002526,46.59055118110236,-75.612434,6.2546239,127
2013,105001002526,45.67058823529412,-75.612434,6.2546239,85
2004,105001002780,37.30272657221014,-75.539619,6.2385035,11
2005,105001002780,45.03380984351749,-75.539619,6.2385035,21
2006,105001002780,42.13538461538462,-75.539619,6.2385035,26
2007,105001002780,43.1725,-75.539619,6.2385035,32
2008,105001002780,43.07868421052632,-75.539619,6.2385035,38
2009,105001002780,42.71125,-75.539619,6.2385035,24
2010,105001002780,39.99523809523809,-75.539619,6.2385035,42
2011,105001002780,42.6,-75.539619,6.2385035,25
2012,105001002780,43,-75.539619,6.2385035,25
2013,105001002780,43.08571428571429,-75.539619,6.2385035,35
2004,105001002895,40.97301328998722,-75.603935,6.2437825,73
2005,105001002895,44.16672758622603,-75.603935,6.2437825,110
2006,105001002895,45.74024691358025,-75.603935,6.2437825,81
2007,105001002895,46.03496598639451,-75.603935,6.2437825,147
2008,105001002895,44.87598214285715,-75.603935,6.2437825,112
2009,105001002895,47.26891304347827,-75.603935,6.2437825,92
2010,105001002895,48.08366666666669,-75.603935,6.2437825,150
2011,105001002895,50.025,-75.603935,6.2437825,120
2012,105001002895,47.26428571428571,-75.603935,6.2437825,140
2013,105001002895,45.59154929577465,-75.603935,6.2437825,142
2004,105001002976,40.40277710667363,-75.596817,6.2693357,54
2005,105001002976,43.609559395734,-75.596817,6.2693357,68
2006,105001002976,45.67573529411766,-75.596817,6.2693357,68
2007,105001002976,45.77151515151517,-75.596817,6.2693357,66
2008,105001002976,41.92454545454547,-75.596817,6.2693357,77
2009,105001002976,42.05911392405063,-75.596817,6.2693357,79
2010,105001002976,42.69317073170733,-75.596817,6.2693357,82
2011,105001002976,46.56923076923077,-75.596817,6.2693357,65
2012,105001002976,42.36842105263158,-75.596817,6.2693357,76
2013,105001002976,44.73563218390805,-75.596817,6.2693357,87
2004,105001003131,40.59777704874674,-75.559654,6.2909527,9
2005,105001003131,39.14666695064969,-75.559654,6.2909527,18
2006,105001003131,41.45826086956522,-75.559654,6.2909527,23
2007,105001003131,44.50518518518519,-75.559654,6.2909527,27
2008,105001003131,44.96285714285714,-75.559654,6.2909527,21
2009,105001003131,42.09315789473685,-75.559654,6.2909527,19
2010,105001003131,42.89416666666667,-75.559654,6.2909527,12
2011,105001003131,48.5,-75.559654,6.2909527,18
2012,105001003131,49,-75.559654,6.2909527,10
2013,105001003131,43.11764705882353,-75.559654,6.2909527,17
2004,105001003221,37.25999962199818,-75.552429,6.2414951,22
2005,105001003221,41.56476227896554,-75.552429,6.2414951,105
2006,105001003221,43.81976744186049,-75.552429,6.2414951,86
2007,105001003221,43.73113636363639,-75.552429,6.2414951,88
2008,105001003221,42.41522388059702,-75.552429,6.2414951,67
2009,105001003221,40.28537499999997,-75.552429,6.2414951,80
2010,105001003221,42.34586206896552,-75.552429,6.2414951,58
2011,105001003221,45.5,-75.552429,6.2414951,44
2012,105001003221,43.65671641791045,-75.552429,6.2414951,67
2013,105001003221,42.03174603174603,-75.552429,6.2414951,63
2004,105001003271,41.37238036261665,-75.59581,6.2221904,63
2005,105001003271,43.81433357662625,-75.59581,6.2221904,90
2006,105001003271,44.34585858585859,-75.59581,6.2221904,99
2007,105001003271,41.42621212121212,-75.59581,6.2221904,66
2008,105001003271,42.98307692307694,-75.59581,6.2221904,52
2009,105001003271,42.97928571428572,-75.59581,6.2221904,56
2010,105001003271,45.54529411764707,-75.59581,6.2221904,51
2011,105001003271,46.74626865671642,-75.59581,6.2221904,67
2012,105001003271,44.66666666666666,-75.59581,6.2221904,54
2013,105001003271,44.875,-75.59581,6.2221904,56
2004,105001003280,39.43476152420044,-75.575348,6.2863989,84
2005,105001003280,43.55931655362121,-75.575348,6.2863989,117
2006,105001003280,44.27834437086088,-75.575348,6.2863989,151
2007,105001003280,44.01957055214719,-75.575348,6.2863989,163
2008,105001003280,42.19210191082808,-75.575348,6.2863989,157
2009,105001003280,43.23044871794867,-75.575348,6.2863989,156
2010,105001003280,41.45466101694917,-75.575348,6.2863989,118
2011,105001003280,44,-75.575348,6.2863989,93
2012,105001003280,42.77777777777778,-75.575348,6.2863989,72
2013,105001003280,42.3404255319149,-75.575348,6.2863989,94
2004,105001003298,41.23120307922363,-75.560844,6.2800379,108
2005,105001003298,44.42358229053554,-75.560844,6.2800379,134
2006,105001003298,45.3512605042017,-75.560844,6.2800379,119
2007,105001003298,45.22556756756751,-75.560844,6.2800379,185
2008,105001003298,43.33619718309863,-75.560844,6.2800379,142
2009,105001003298,43.59423076923073,-75.560844,6.2800379,104
2010,105001003298,41.8961635220126,-75.560844,6.2800379,159
2011,105001003298,45.4,-75.560844,6.2800379,180
2012,105001003298,44.75539568345324,-75.560844,6.2800379,139
2013,105001003298,42.10655737704918,-75.560844,6.2800379,122
2004,105001003387,41.18472671508789,-75.599091,6.2554078,110
2005,105001003387,43.23552179629086,-75.599091,6.2554078,163
2006,105001003387,45.57005780346819,-75.599091,6.2554078,173
2007,105001003387,42.56957831325298,-75.599091,6.2554078,166
2008,105001003387,44.40097297297302,-75.599091,6.2554078,185
2009,105001003387,42.92195652173908,-75.599091,6.2554078,184
2010,105001003387,41.4415425531915,-75.599091,6.2554078,188
2011,105001003387,42.83206106870229,-75.599091,6.2554078,131
2012,105001003387,43.8984375,-75.599091,6.2554078,128
2013,105001003387,42.69166666666667,-75.599091,6.2554078,120
2004,105001003425,40.83124938011169,-75.557426,6.2655821,80
2005,105001003425,43.36488394034925,-75.557426,6.2655821,129
2006,105001003425,45.35611111111109,-75.557426,6.2655821,144
2007,105001003425,44.32594771241826,-75.557426,6.2655821,153
2008,105001003425,44.54652173913047,-75.557426,6.2655821,161
2009,105001003425,45.09238410596024,-75.557426,6.2655821,151
2010,105001003425,45.45010869565219,-75.557426,6.2655821,184
2011,105001003425,47.17197452229299,-75.557426,6.2655821,157
2012,105001003425,46.71621621621622,-75.557426,6.2655821,148
2013,105001003425,44.96153846153846,-75.557426,6.2655821,104
2004,105001004791,43.36673024984506,-75.587959,6.2075782,52
2005,105001004791,46.13898325774629,-75.587959,6.2075782,59
2006,105001004791,51.81166666666667,-75.587959,6.2075782,54
2007,105001004791,49.10368421052633,-75.587959,6.2075782,57
2008,105001004791,48.29986842105263,-75.587959,6.2075782,76
2009,105001004791,52.57306451612904,-75.587959,6.2075782,62
2010,105001004791,52.97022222222224,-75.587959,6.2075782,90
2011,105001004791,53.0531914893617,-75.587959,6.2075782,94
2012,105001004791,49.49484536082474,-75.587959,6.2075782,97
2013,105001004791,50.72307692307692,-75.587959,6.2075782,65
2004,105001005291,40.26923032907339,-75.555962,6.2756386,39
2005,105001005291,43.24666716257731,-75.555962,6.2756386,60
2006,105001005291,43.65076923076924,-75.555962,6.2756386,39
2007,105001005291,44.40000000000002,-75.555962,6.2756386,60
2008,105001005291,41.62739726027397,-75.555962,6.2756386,73
2009,105001005291,41.46411764705881,-75.555962,6.2756386,68
2010,105001005291,42.44522388059702,-75.555962,6.2756386,67
2011,105001005291,42.5,-75.555962,6.2756386,54
2012,105001005291,45.96551724137931,-75.555962,6.2756386,58
2013,105001005291,44.51923076923077,-75.555962,6.2756386,52
2004,105001005347,40.52863577640418,-75.566231,6.2589321,66
2005,105001005347,42.33208815606086,-75.566231,6.2589321,91
2006,105001005347,44.72152173913046,-75.566231,6.2589321,92
2007,105001005347,42.36457627118642,-75.566231,6.2589321,118
2008,105001005347,43.75590000000005,-75.566231,6.2589321,100
2009,105001005347,40.77747663551401,-75.566231,6.2589321,107
2010,105001005347,41.83240740740741,-75.566231,6.2589321,108
2011,105001005347,45.71578947368421,-75.566231,6.2589321,95
2012,105001005347,44.23529411764706,-75.566231,6.2589321,102
2013,105001005347,42.18181818181818,-75.566231,6.2589321,44
2004,105001005410,42.77142788115002,-75.550934,6.2555251,21
2005,105001005410,43.83268319106683,-75.550934,6.2555251,41
2006,105001005410,48.2464864864865,-75.550934,6.2555251,37
2007,105001005410,46.01982142857145,-75.550934,6.2555251,56
2008,105001005410,46.73918032786887,-75.550934,6.2555251,61
2009,105001005410,46.5822033898305,-75.550934,6.2555251,59
2010,105001005410,45.24402597402598,-75.550934,6.2555251,77
2011,105001005410,44.95652173913044,-75.550934,6.2555251,69
2012,105001005410,47.30555555555556,-75.550934,6.2555251,72
2013,105001005410,43.4125,-75.550934,6.2555251,80
2004,105001005495,40.14171823859215,-75.576241,6.2834024,64
2005,105001005495,44.19899025348702,-75.576241,6.2834024,99
2006,105001005495,42.74121212121212,-75.576241,6.2834024,99
2007,105001005495,44.42373015873012,-75.576241,6.2834024,126
2008,105001005495,43.76792307692311,-75.576241,6.2834024,130
2009,105001005495,43.4065833333333,-75.576241,6.2834024,120
2010,105001005495,43.08467213114756,-75.576241,6.2834024,122
2011,105001005495,46.79661016949152,-75.576241,6.2834024,118
2012,105001005495,44.03571428571428,-75.576241,6.2834024,112
2013,105001005495,43.71171171171171,-75.576241,6.2834024,111
2004,105001005525,29.98999977111816,-75.545052,6.2661686,1
2005,105001005525,40.5377779006958,-75.545052,6.2661686,36
2006,105001005525,44.95800000000003,-75.545052,6.2661686,40
2007,105001005525,43.98750000000002,-75.545052,6.2661686,56
2008,105001005525,43.27318840579711,-75.545052,6.2661686,69
2009,105001005525,42.42320754716981,-75.545052,6.2661686,53
2010,105001005525,41.22657534246578,-75.545052,6.2661686,73
2011,105001005525,45.83928571428572,-75.545052,6.2661686,56
2012,105001005525,43.72413793103448,-75.545052,6.2661686,58
2013,105001005525,42.28571428571428,-75.545052,6.2661686,49
2004,105001005878,40.00232483619867,-75.563713,6.274087,43
2005,105001005878,43.51237316454871,-75.563713,6.274087,59
2006,105001005878,44.03259259259262,-75.563713,6.274087,54
2007,105001005878,44.20727272727274,-75.563713,6.274087,66
2008,105001005878,42.25173333333335,-75.563713,6.274087,75
2009,105001005878,42.60527777777776,-75.563713,6.274087,72
2010,105001005878,42.65362204724413,-75.563713,6.274087,127
2011,105001005878,44.79104477611941,-75.563713,6.274087,67
2012,105001005878,47.09638554216868,-75.563713,6.274087,83
2013,105001005878,43.16666666666666,-75.563713,6.274087,114
2004,105001006092,39.94552577169318,-75.564171,6.3067513,38
2005,105001006092,43.08352966869579,-75.564171,6.3067513,68
2006,105001006092,44.95603773584907,-75.564171,6.3067513,53
2007,105001006092,44.44563636363637,-75.564171,6.3067513,55
2008,105001006092,45.27361111111112,-75.564171,6.3067513,72
2009,105001006092,46.00586956521739,-75.564171,6.3067513,92
2010,105001006092,44.927323943662,-75.564171,6.3067513,71
2011,105001006092,47.19642857142857,-75.564171,6.3067513,112
2012,105001006092,45.61904761904762,-75.564171,6.3067513,63
2013,105001006092,44.59550561797753,-75.564171,6.3067513,89
2004,105001006181,38.68499943062111,-75.610542,6.2216997,54
2005,105001006181,43.10380990164621,-75.610542,6.2216997,63
2006,105001006181,42.23443037974685,-75.610542,6.2216997,79
2007,105001006181,44.81517647058826,-75.610542,6.2216997,85
2008,105001006181,44.92216216216217,-75.610542,6.2216997,74
2009,105001006181,43.54239130434784,-75.610542,6.2216997,46
2010,105001006181,44.49454545454547,-75.610542,6.2216997,66
2011,105001006181,44.49397590361446,-75.610542,6.2216997,83
2012,105001006181,43.12048192771084,-75.610542,6.2216997,83
2013,105001006181,42.53846153846154,-75.610542,6.2216997,78
2004,105001006483,38.03952317010788,-75.568405,6.2977085,21
2005,105001006483,44.45095262073335,-75.568405,6.2977085,21
2006,105001006483,46.11199999999999,-75.568405,6.2977085,25
2007,105001006483,45.76225806451613,-75.568405,6.2977085,31
2008,105001006483,42.93418604651163,-75.568405,6.2977085,43
2009,105001006483,43.76136363636363,-75.568405,6.2977085,22
2010,105001006483,41.48,-75.568405,6.2977085,26
2011,105001006483,41.29411764705883,-75.568405,6.2977085,17
2012,105001006483,44.0625,-75.568405,6.2977085,16
2013,105001006483,41.86363636363637,-75.568405,6.2977085,22
2004,105001006718,41.09043424025826,-75.554817,6.3061757,46
2005,105001006718,44.09698137247337,-75.554817,6.3061757,53
2006,105001006718,44.31666666666667,-75.554817,6.3061757,69
2007,105001006718,41.30823529411767,-75.554817,6.3061757,68
2008,105001006718,44.2204255319149,-75.554817,6.3061757,94
2009,105001006718,43.14448275862068,-75.554817,6.3061757,58
2010,105001006718,44.2783695652174,-75.554817,6.3061757,92
2011,105001006718,44.85,-75.554817,6.3061757,100
2012,105001006718,42.76,-75.554817,6.3061757,100
2013,105001006718,45.13888888888889,-75.554817,6.3061757,72
2004,105001006726,39.9468742609024,-75.537689,6.297503,16
2005,105001006726,42.98210515474018,-75.537689,6.297503,19
2006,105001006726,42.39411764705882,-75.537689,6.297503,17
2007,105001006726,39.67171428571429,-75.537689,6.297503,35
2008,105001006726,43.29933333333334,-75.537689,6.297503,30
2009,105001006726,38.82750000000001,-75.537689,6.297503,20
2010,105001006726,41.38885714285713,-75.537689,6.297503,35
2011,105001006726,39.72727272727273,-75.537689,6.297503,11
2012,105001006726,41.45,-75.537689,6.297503,20
2013,105001006726,42.84,-75.537689,6.297503,25
2004,105001006980,43.73269543928259,-75.600609,6.2583299,204
2005,105001006980,46.88475658116716,-75.600609,6.2583299,267
2006,105001006980,50.47442148760318,-75.600609,6.2583299,242
2007,105001006980,47.32053156146171,-75.600609,6.2583299,301
2008,105001006980,46.0252734375,-75.600609,6.2583299,256
2009,105001006980,46.16250783699061,-75.600609,6.2583299,319
2010,105001006980,46.07003424657535,-75.600609,6.2583299,292
2011,105001006980,49.57586206896552,-75.600609,6.2583299,290
2012,105001006980,49.83216783216783,-75.600609,6.2583299,286
2013,105001006980,49.66265060240964,-75.600609,6.2583299,249
2004,105001007111,39.75399955749512,-75.564545,6.2978096,25
2005,105001007111,43.52375024557114,-75.564545,6.2978096,32
2006,105001007111,41.65121212121213,-75.564545,6.2978096,33
2007,105001007111,43.25261904761906,-75.564545,6.2978096,42
2008,105001007111,43.04955555555555,-75.564545,6.2978096,45
2009,105001007111,41.87346938775511,-75.564545,6.2978096,49
2010,105001007111,42.14186046511627,-75.564545,6.2978096,43
2011,105001007111,41.08695652173913,-75.564545,6.2978096,46
2012,105001007111,46.94285714285714,-75.564545,6.2978096,35
2013,105001007111,41.54545454545455,-75.564545,6.2978096,33
2004,105001007218,38.47999954223633,-75.544792,6.2921362,32
2005,105001007218,43.76134648689857,-75.544792,6.2921362,52
2006,105001007218,44.48557377049184,-75.544792,6.2921362,61
2007,105001007218,44.46921568627452,-75.544792,6.2921362,51
2008,105001007218,46.91850000000002,-75.544792,6.2921362,60
2009,105001007218,44.7922222222222,-75.544792,6.2921362,90
2010,105001007218,42.41711111111113,-75.544792,6.2921362,90
2011,105001007218,44.98809523809524,-75.544792,6.2921362,84
2012,105001007218,46.92307692307692,-75.544792,6.2921362,78
2013,105001007218,45.12631578947369,-75.544792,6.2921362,95
2004,105001007421,40.08947302165785,-75.585205,6.2149301,19
2005,105001007421,44.17117672340542,-75.585205,6.2149301,51
2006,105001007421,43.01903846153849,-75.585205,6.2149301,52
2007,105001007421,44.75745098039218,-75.585205,6.2149301,51
2008,105001007421,43.03892307692309,-75.585205,6.2149301,65
2009,105001007421,43.52603448275864,-75.585205,6.2149301,58
2010,105001007421,45.58472727272727,-75.585205,6.2149301,110
2011,105001007421,48.52941176470588,-75.585205,6.2149301,85
2012,105001007421,47.80952380952381,-75.585205,6.2149301,84
2013,105001007421,45.98717948717949,-75.585205,6.2149301,78
2004,105001007439,38.98576839153584,-75.571312,6.2906008,26
2005,105001007439,43.96250004768372,-75.571312,6.2906008,40
2006,105001007439,44.76724137931034,-75.571312,6.2906008,29
2007,105001007439,43.42459459459461,-75.571312,6.2906008,37
2008,105001007439,42.71172413793103,-75.571312,6.2906008,29
2009,105001007439,41.93529411764706,-75.571312,6.2906008,34
2010,105001007439,41.46259259259259,-75.571312,6.2906008,54
2011,105001007439,44.77049180327869,-75.571312,6.2906008,61
2012,105001007439,42.1578947368421,-75.571312,6.2906008,38
2013,105001007439,45.11363636363637,-75.571312,6.2906008,44
2004,105001007889,39.65086912072223,-75.577103,6.3056426,23
2005,105001007889,44.68973015450143,-75.577103,6.3056426,37
2006,105001007889,45.05875,-75.577103,6.3056426,24
2007,105001007889,44.10086956521739,-75.577103,6.3056426,23
2008,105001007889,42.01714285714286,-75.577103,6.3056426,28
2009,105001007889,41.71871794871795,-75.577103,6.3056426,39
2010,105001007889,44.80058823529414,-75.577103,6.3056426,34
2011,105001007889,51.31707317073171,-75.577103,6.3056426,41
2012,105001007889,43.76666666666667,-75.577103,6.3056426,30
2013,105001007889,43.08,-75.577103,6.3056426,50
2004,105001007978,40.46710461064389,-75.559601,6.2907028,38
2005,105001007978,42.53138902452257,-75.559601,6.2907028,36
2006,105001007978,44.90142857142858,-75.559601,6.2907028,35
2007,105001007978,43.0437931034483,-75.559601,6.2907028,58
2008,105001007978,42.60530612244899,-75.559601,6.2907028,49
2009,105001007978,41.4484090909091,-75.559601,6.2907028,44
2010,105001007978,41.68068493150686,-75.559601,6.2907028,73
2011,105001007978,39.15384615384615,-75.559601,6.2907028,52
2012,105001007978,43.66666666666666,-75.559601,6.2907028,60
2013,105001007978,42.96296296296296,-75.559601,6.2907028,54
2004,105001008389,41.32095182509649,-75.559799,6.231555,21
2005,105001008389,45.18199996948242,-75.559799,6.231555,30
2006,105001008389,44.43192307692311,-75.559799,6.231555,52
2007,105001008389,44.53205882352943,-75.559799,6.231555,68
2008,105001008389,44.22363636363635,-75.559799,6.231555,77
2009,105001008389,39.98301587301588,-75.559799,6.231555,63
2010,105001008389,44.00840000000002,-75.559799,6.231555,75
2011,105001008389,42.79104477611941,-75.559799,6.231555,67
2012,105001008389,43.25974025974026,-75.559799,6.231555,77
2013,105001008389,42.3780487804878,-75.559799,6.231555,82
2004,105001009652,40.27116820100066,-75.549309,6.2716765,77
2005,105001009652,43.2890668741862,-75.549309,6.2716765,75
2006,105001009652,41.84114942528738,-75.549309,6.2716765,87
2007,105001009652,41.3412359550562,-75.549309,6.2716765,89
2008,105001009652,44.76153846153847,-75.549309,6.2716765,91
2009,105001009652,42.71373831775699,-75.549309,6.2716765,107
2010,105001009652,42.84257575757577,-75.549309,6.2716765,66
2011,105001009652,47.6551724137931,-75.549309,6.2716765,58
2012,105001009652,44.09090909090909,-75.549309,6.2716765,55
2013,105001009652,45.8780487804878,-75.549309,6.2716765,82
2004,105001009695,38.65913001350734,-75.561226,6.2758307,23
2005,105001009695,48.05200017293294,-75.561226,6.2758307,30
2006,105001009695,43.91956521739129,-75.561226,6.2758307,23
2007,105001009695,42.82500000000001,-75.561226,6.2758307,22
2008,105001009695,45.63214285714285,-75.561226,6.2758307,56
2009,105001009695,42.93924528301887,-75.561226,6.2758307,53
2010,105001009695,44.58238095238097,-75.561226,6.2758307,63
2011,105001009695,46.90566037735849,-75.561226,6.2758307,53
2012,105001009695,46.31746031746032,-75.561226,6.2758307,63
2013,105001009695,42.6,-75.561226,6.2758307,55
2004,105001009709,40.27199946316806,-75.546684,6.2408123,110
2005,105001009709,43.46351358052846,-75.546684,6.2408123,74
2006,105001009709,44.63140845070425,-75.546684,6.2408123,71
2007,105001009709,43.4175806451613,-75.546684,6.2408123,62
2008,105001009709,41.06233766233768,-75.546684,6.2408123,77
2009,105001009709,42.52697674418605,-75.546684,6.2408123,43
2010,105001009709,42.44044117647059,-75.546684,6.2408123,68
2011,105001009709,43.71428571428572,-75.546684,6.2408123,56
2012,105001009709,41.25862068965517,-75.546684,6.2408123,58
2013,105001009709,43.17073170731707,-75.546684,6.2408123,41
2004,105001009865,40.50147491204934,-75.554901,6.2681203,61
2005,105001009865,45.05453351338704,-75.554901,6.2681203,75
2006,105001009865,47.21847457627121,-75.554901,6.2681203,59
2007,105001009865,45.14727272727272,-75.554901,6.2681203,33
2008,105001009865,43.91064516129033,-75.554901,6.2681203,31
2009,105001009865,43.22872340425531,-75.554901,6.2681203,47
2010,105001009865,43.69921568627451,-75.554901,6.2681203,51
2011,105001009865,47.64102564102564,-75.554901,6.2681203,39
2012,105001009865,43.65116279069768,-75.554901,6.2681203,43
2013,105001009865,44.42307692307692,-75.554901,6.2681203,52
2004,105001010367,42.186110496521,-75.587006,6.2212067,36
2005,105001010367,44.37159104780717,-75.587006,6.2212067,44
2006,105001010367,45.39480769230773,-75.587006,6.2212067,52
2007,105001010367,43.71075757575758,-75.587006,6.2212067,66
2008,105001010367,44.23222222222221,-75.587006,6.2212067,54
2009,105001010367,44.60557692307692,-75.587006,6.2212067,52
2010,105001010367,43.85524590163935,-75.587006,6.2212067,61
2011,105001010367,46.4390243902439,-75.587006,6.2212067,41
2012,105001010367,46.38709677419355,-75.587006,6.2212067,62
2013,105001010367,41.6,-75.587006,6.2212067,45
2004,105001010448,40.17451167688137,-75.577003,6.2929683,82
2005,105001010448,43.22447231837681,-75.577003,6.2929683,161
2006,105001010448,42.1318253968254,-75.577003,6.2929683,126
2007,105001010448,41.39966216216212,-75.577003,6.2929683,148
2008,105001010448,42.2628431372549,-75.577003,6.2929683,102
2009,105001010448,41.41948051948052,-75.577003,6.2929683,77
2010,105001010448,43.01717741935485,-75.577003,6.2929683,124
2011,105001010448,44.30487804878049,-75.577003,6.2929683,82
2012,105001010448,47.66666666666666,-75.577003,6.2929683,69
2013,105001010448,46.05172413793103,-75.577003,6.2929683,58
2004,105001010588,40.95841419406054,-75.547768,6.2808642,82
2005,105001010588,44.13240632078701,-75.547768,6.2808642,133
2006,105001010588,45.30863945578229,-75.547768,6.2808642,147
2007,105001010588,44.16492307692309,-75.547768,6.2808642,130
2008,105001010588,44.80686274509807,-75.547768,6.2808642,153
2009,105001010588,44.23053892215563,-75.547768,6.2808642,167
2010,105001010588,43.6291129032258,-75.547768,6.2808642,124
2011,105001010588,46.40944881889764,-75.547768,6.2808642,127
2012,105001010588,44.7816091954023,-75.547768,6.2808642,174
2013,105001010588,44.08823529411764,-75.547768,6.2808642,102
2004,105001010855,40.33755510118272,-75.564514,6.23773,45
2005,105001010855,45.68633340199789,-75.564514,6.23773,30
2006,105001010855,48.06395348837211,-75.564514,6.23773,43
2007,105001010855,46.14230769230771,-75.564514,6.23773,52
2008,105001010855,44.99577777777777,-75.564514,6.23773,45
2009,105001010855,45.53618181818183,-75.564514,6.23773,55
2010,105001010855,43.64051948051951,-75.564514,6.23773,77
2011,105001010855,46.47887323943662,-75.564514,6.23773,71
2012,105001010855,49.88461538461539,-75.564514,6.23773,52
2013,105001010855,46.71052631578947,-75.564514,6.23773,38
2004,105001011061,41.19599947929382,-75.562248,6.3113794,40
2005,105001011061,42.68846203730656,-75.562248,6.3113794,26
2006,105001011061,44.24281250000001,-75.562248,6.3113794,32
2007,105001011061,44.50257142857143,-75.562248,6.3113794,35
2008,105001011061,43.90194444444443,-75.562248,6.3113794,36
2009,105001011061,44.16340425531916,-75.562248,6.3113794,47
2010,105001011061,45.99352112676058,-75.562248,6.3113794,71
2011,105001011061,46.11111111111111,-75.562248,6.3113794,72
2012,105001011061,44.9054054054054,-75.562248,6.3113794,74
2013,105001011061,44.44303797468354,-75.562248,6.3113794,79
2004,105001011070,40.18737526481033,-75.546654,6.2335334,141
2005,105001011070,43.49138915538788,-75.546654,6.2335334,144
2006,105001011070,42.87785714285714,-75.546654,6.2335334,140
2007,105001011070,42.97788235294113,-75.546654,6.2335334,170
2008,105001011070,43.45865771812084,-75.546654,6.2335334,149
2009,105001011070,43.10992907801418,-75.546654,6.2335334,141
2010,105001011070,42.57456953642384,-75.546654,6.2335334,151
2011,105001011070,42.2012987012987,-75.546654,6.2335334,154
2012,105001011070,43.50675675675676,-75.546654,6.2335334,148
2013,105001011070,43.0650406504065,-75.546654,6.2335334,123
2004,105001011363,39.01451547684208,-75.577347,6.3029737,62
2005,105001011363,43.28457880594645,-75.577347,6.3029737,83
2006,105001011363,45.23297619047621,-75.577347,6.3029737,84
2007,105001011363,42.34267605633799,-75.577347,6.3029737,142
2008,105001011363,42.71403846153847,-75.577347,6.3029737,104
2009,105001011363,41.48130841121495,-75.577347,6.3029737,107
2010,105001011363,41.40330508474578,-75.577347,6.3029737,118
2011,105001011363,44.50877192982456,-75.577347,6.3029737,114
2012,105001011363,43.39622641509434,-75.577347,6.3029737,106
2013,105001011363,44.19310344827586,-75.577347,6.3029737,145
2004,105001011606,40.46761131286621,-75.609474,6.2343974,67
2005,105001011606,43.45078475802553,-75.609474,6.2343974,102
2006,105001011606,43.18742857142862,-75.609474,6.2343974,70
2007,105001011606,43.78519480519483,-75.609474,6.2343974,77
2008,105001011606,44.71239436619719,-75.609474,6.2343974,71
2009,105001011606,46.29373333333332,-75.609474,6.2343974,75
2010,105001011606,44.54722222222226,-75.609474,6.2343974,72
2011,105001011606,47.01149425287356,-75.609474,6.2343974,87
2012,105001011606,44.04761904761905,-75.609474,6.2343974,84
2013,105001011606,42.47422680412371,-75.609474,6.2343974,97
2004,105001011690,39.05406230688095,-75.549461,6.2986627,64
2005,105001011690,41.78250042597453,-75.549461,6.2986627,72
2006,105001011690,42.48020408163268,-75.549461,6.2986627,98
2007,105001011690,42.53626262626265,-75.549461,6.2986627,99
2008,105001011690,41.20020833333334,-75.549461,6.2986627,96
2009,105001011690,41.82695652173911,-75.549461,6.2986627,92
2010,105001011690,42.08917525773198,-75.549461,6.2986627,97
2011,105001011690,41.8961038961039,-75.549461,6.2986627,77
2012,105001011690,41.92,-75.549461,6.2986627,50
2013,105001011690,38.4375,-75.549461,6.2986627,48
2004,105001011711,39.16646957397461,-75.593948,6.2849488,17
2005,105001011711,45.26769227247972,-75.593948,6.2849488,39
2006,105001011711,43.54162162162163,-75.593948,6.2849488,37
2007,105001011711,41.04785714285714,-75.593948,6.2849488,28
2008,105001011711,43.9115,-75.593948,6.2849488,40
2009,105001011711,42.12571428571428,-75.593948,6.2849488,63
2010,105001011711,43.21552238805972,-75.593948,6.2849488,67
2011,105001011711,44.625,-75.593948,6.2849488,64
2012,105001011711,45.48611111111111,-75.593948,6.2849488,72
2013,105001011711,44.54098360655738,-75.593948,6.2849488,61
2004,105001011886,40.76151113731917,-75.615654,6.2458463,86
2005,105001011886,44.77652804056803,-75.615654,6.2458463,72
2006,105001011886,45.70938461538462,-75.615654,6.2458463,65
2007,105001011886,44.37766666666669,-75.615654,6.2458463,60
2008,105001011886,44.88258620689655,-75.615654,6.2458463,58
2009,105001011886,43.95049999999999,-75.615654,6.2458463,80
2010,105001011886,45.69682352941178,-75.615654,6.2458463,85
2011,105001011886,46.82432432432432,-75.615654,6.2458463,74
2012,105001011886,46.90163934426229,-75.615654,6.2458463,61
2013,105001011886,46.34328358208955,-75.615654,6.2458463,67
2004,105001012092,40.16679195188127,-75.576202,6.3062611,53
2005,105001012092,42.03152196303658,-75.576202,6.3062611,46
2006,105001012092,44.61189655172414,-75.576202,6.3062611,58
2007,105001012092,44.0768656716418,-75.576202,6.3062611,67
2008,105001012092,44.24673076923079,-75.576202,6.3062611,52
2009,105001012092,44.87524590163934,-75.576202,6.3062611,61
2010,105001012092,45.3,-75.576202,6.3062611,56
2011,105001012092,47.80487804878049,-75.576202,6.3062611,41
2012,105001012092,46.05952380952381,-75.576202,6.3062611,84
2013,105001012092,45.36923076923077,-75.576202,6.3062611,65
2004,105001012106,39.63972165849474,-75.597107,6.2351971,36
2005,105001012106,42.34862518310547,-75.597107,6.2351971,80
2006,105001012106,44.95189655172415,-75.597107,6.2351971,116
2007,105001012106,44.11252336448597,-75.597107,6.2351971,107
2008,105001012106,45.52720000000002,-75.597107,6.2351971,75
2009,105001012106,44.41749999999999,-75.597107,6.2351971,92
2010,105001012106,43.25141732283465,-75.597107,6.2351971,127
2011,105001012106,50.04098360655738,-75.597107,6.2351971,122
2012,105001012106,44.45652173913044,-75.597107,6.2351971,138
2013,105001012106,44.29770992366412,-75.597107,6.2351971,131
2004,105001012165,39.12093276977539,-75.550117,6.2868629,75
2005,105001012165,42.95795481855219,-75.550117,6.2868629,88
2006,105001012165,44.14557377049183,-75.550117,6.2868629,61
2007,105001012165,42.02738095238097,-75.550117,6.2868629,84
2008,105001012165,42.34007407407413,-75.550117,6.2868629,135
2009,105001012165,41.2357608695652,-75.550117,6.2868629,92
2010,105001012165,42.89929292929295,-75.550117,6.2868629,99
2011,105001012165,43.76190476190476,-75.550117,6.2868629,105
2012,105001012165,43.51724137931034,-75.550117,6.2868629,58
2013,105001012165,40.7375,-75.550117,6.2868629,80
2004,105001012696,40.55123402159891,-75.555061,6.2501178,81
2005,105001012696,44.63047968198175,-75.555061,6.2501178,146
2006,105001012696,45.22784172661869,-75.555061,6.2501178,139
2007,105001012696,45.36372881355928,-75.555061,6.2501178,177
2008,105001012696,44.03128205128208,-75.555061,6.2501178,117
2009,105001012696,44.66859060402682,-75.555061,6.2501178,149
2010,105001012696,45.32256756756759,-75.555061,6.2501178,148
2011,105001012696,47.33684210526316,-75.555061,6.2501178,95
2012,105001012696,47.98039215686274,-75.555061,6.2501178,102
2013,105001012696,46.51428571428571,-75.555061,6.2501178,105
2004,105001012700,39.77137879119523,-75.546928,6.2883272,87
2005,105001012700,43.49471457345145,-75.546928,6.2883272,70
2006,105001012700,42.40618556701033,-75.546928,6.2883272,97
2007,105001012700,43.70657142857144,-75.546928,6.2883272,70
2008,105001012700,42.4203773584906,-75.546928,6.2883272,106
2009,105001012700,40.16578947368419,-75.546928,6.2883272,114
2010,105001012700,40.94991735537194,-75.546928,6.2883272,121
2011,105001012700,43.87878787878788,-75.546928,6.2883272,99
2012,105001012700,44.11864406779661,-75.546928,6.2883272,118
2013,105001012700,41.30327868852459,-75.546928,6.2883272,122
2004,105001013072,40.62526274563973,-75.568115,6.3112516,57
2005,105001013072,42.69205644197553,-75.568115,6.3112516,107
2006,105001013072,41.89267857142859,-75.568115,6.3112516,56
2007,105001013072,45.11731343283583,-75.568115,6.3112516,67
2008,105001013072,44.3748076923077,-75.568115,6.3112516,52
2009,105001013072,40.69666666666667,-75.568115,6.3112516,57
2010,105001013072,41.3,-75.568115,6.3112516,55
2011,105001013072,46.63793103448276,-75.568115,6.3112516,58
2012,105001013072,44.9344262295082,-75.568115,6.3112516,61
2013,105001013072,46.50980392156863,-75.568115,6.3112516,51
2004,105001013145,41.96195581684942,-75.556435,6.30127,46
2005,105001013145,44.93902799818251,-75.556435,6.30127,72
2006,105001013145,45.03822580645164,-75.556435,6.30127,62
2007,105001013145,45.51651162790699,-75.556435,6.30127,86
2008,105001013145,43.91493670886077,-75.556435,6.30127,79
2009,105001013145,45.51210526315789,-75.556435,6.30127,76
2010,105001013145,47.65409638554219,-75.556435,6.30127,83
2011,105001013145,49.46575342465754,-75.556435,6.30127,73
2012,105001013145,45.2,-75.556435,6.30127,95
2013,105001013145,45.91304347826087,-75.556435,6.30127,69
2004,105001013439,41.53814753779658,-75.569511,6.3063197,54
2005,105001013439,42.21918640580288,-75.569511,6.3063197,86
2006,105001013439,42.99818181818183,-75.569511,6.3063197,55
2007,105001013439,45.09920634920637,-75.569511,6.3063197,63
2008,105001013439,43.69240000000001,-75.569511,6.3063197,50
2009,105001013439,41.48909090909091,-75.569511,6.3063197,55
2010,105001013439,44.2869230769231,-75.569511,6.3063197,52
2011,105001013439,44.81428571428572,-75.569511,6.3063197,70
2012,105001013439,46.92682926829269,-75.569511,6.3063197,41
2013,105001013439,44.27083333333334,-75.569511,6.3063197,48
2004,105001014052,40.3263633034446,-75.54644,6.2987442,11
2005,105001014052,44.69511653101721,-75.54644,6.2987442,43
2006,105001014052,43.74826923076925,-75.54644,6.2987442,52
2007,105001014052,43.01530612244899,-75.54644,6.2987442,49
2008,105001014052,41.62875,-75.54644,6.2987442,48
2009,105001014052,42.1425806451613,-75.54644,6.2987442,62
2010,105001014052,41.9219512195122,-75.54644,6.2987442,82
2011,105001014052,43.33333333333334,-75.54644,6.2987442,60
2012,105001014052,41.47887323943662,-75.54644,6.2987442,71
2013,105001014052,41.87837837837838,-75.54644,6.2987442,74
2004,105001014397,40.12849963506063,-75.58078,6.2841434,60
2005,105001014397,42.86297655105591,-75.58078,6.2841434,84
2006,105001014397,43.80207207207209,-75.58078,6.2841434,111
2007,105001014397,42.73527272727273,-75.58078,6.2841434,110
2008,105001014397,43.88314285714285,-75.58078,6.2841434,105
2009,105001014397,41.88169230769227,-75.58078,6.2841434,130
2010,105001014397,44.1963888888889,-75.58078,6.2841434,144
2011,105001014397,47,-75.58078,6.2841434,111
2012,105001014397,46.63541666666666,-75.58078,6.2841434,96
2013,105001014397,43.92941176470588,-75.58078,6.2841434,85
2004,105001014851,40.5141279763038,-75.592033,6.2832475,109
2005,105001014851,45.20413819674788,-75.592033,6.2832475,145
2006,105001014851,45.7885034013605,-75.592033,6.2832475,147
2007,105001014851,44.77699999999997,-75.592033,6.2832475,150
2008,105001014851,45.90039370078744,-75.592033,6.2832475,127
2009,105001014851,47.43677419354835,-75.592033,6.2832475,124
2010,105001014851,46.65026143790852,-75.592033,6.2832475,153
2011,105001014851,51.4,-75.592033,6.2832475,130
2012,105001014851,46.14814814814815,-75.592033,6.2832475,135
2013,105001014851,49.08870967741935,-75.592033,6.2832475,124
2004,105001015091,40.7279159228007,-75.547768,6.2928481,24
2005,105001015091,41.61166715621948,-75.547768,6.2928481,24
2006,105001015091,44.04609756097563,-75.547768,6.2928481,41
2007,105001015091,42.11549019607844,-75.547768,6.2928481,51
2008,105001015091,43.4853846153846,-75.547768,6.2928481,39
2009,105001015091,42.91589285714286,-75.547768,6.2928481,56
2010,105001015091,40.08607843137255,-75.547768,6.2928481,51
2011,105001015091,46.82051282051282,-75.547768,6.2928481,39
2012,105001015091,43.18,-75.547768,6.2928481,50
2013,105001015091,41.66666666666666,-75.547768,6.2928481,42
2004,105001015148,41.21266593933105,-75.60614,6.2782621,15
2005,105001015148,43.35550041198731,-75.60614,6.2782621,20
2006,105001015148,44.5225,-75.60614,6.2782621,28
2007,105001015148,44.2982142857143,-75.60614,6.2782621,28
2008,105001015148,41.17866666666666,-75.60614,6.2782621,15
2009,105001015148,42.48266666666667,-75.60614,6.2782621,30
2010,105001015148,41.75409090909091,-75.60614,6.2782621,22
2011,105001015148,42.06666666666667,-75.60614,6.2782621,30
2012,105001015148,46.55,-75.60614,6.2782621,20
2013,105001015148,40.6875,-75.60614,6.2782621,32
2004,105001015172,39.29866619110108,-75.629166,6.2586179,30
2005,105001015172,44.10432454702016,-75.629166,6.2586179,37
2006,105001015172,43.71522388059704,-75.629166,6.2586179,67
2007,105001015172,41.91611940298508,-75.629166,6.2586179,67
2008,105001015172,41.90625000000002,-75.629166,6.2586179,72
2009,105001015172,41.49092592592594,-75.629166,6.2586179,54
2010,105001015172,40.62894230769233,-75.629166,6.2586179,104
2011,105001015172,41.89189189189189,-75.629166,6.2586179,111
2012,105001015172,44.63529411764706,-75.629166,6.2586179,85
2013,105001015172,42.22222222222222,-75.629166,6.2586179,72
2004,105001015211,39.17849941253662,-75.540993,6.2395434,20
2005,105001015211,42.81521788887355,-75.540993,6.2395434,23
2006,105001015211,44.31176470588235,-75.540993,6.2395434,17
2007,105001015211,43.23736842105263,-75.540993,6.2395434,19
2008,105001015211,43.50444444444445,-75.540993,6.2395434,27
2009,105001015211,43.04461538461538,-75.540993,6.2395434,26
2010,105001015211,43.54677419354838,-75.540993,6.2395434,31
2011,105001015211,42.36363636363637,-75.540993,6.2395434,33
2012,105001015211,40.20588235294117,-75.540993,6.2395434,34
2013,105001015211,42.53488372093023,-75.540993,6.2395434,43
2004,105001016420,40.06626612345378,-75.564651,6.2926164,75
2005,105001016420,42.32041264563492,-75.564651,6.2926164,97
2006,105001016420,44.19780219780223,-75.564651,6.2926164,91
2007,105001016420,46.7260824742268,-75.564651,6.2926164,97
2008,105001016420,43.86276190476193,-75.564651,6.2926164,105
2009,105001016420,42.73571428571429,-75.564651,6.2926164,91
2010,105001016420,45.89681318681319,-75.564651,6.2926164,91
2011,105001016420,48.45238095238095,-75.564651,6.2926164,84
2012,105001016420,46.57692307692308,-75.564651,6.2926164,78
2013,105001016420,43.20238095238095,-75.564651,6.2926164,84
2004,105001017876,34.18999862670898,-75.559044,6.279531,1
2005,105001017876,44.34727269952948,-75.559044,6.279531,11
2006,105001017876,47.44571428571428,-75.559044,6.279531,14
2007,105001017876,42.28000000000001,-75.559044,6.279531,18
2008,105001017876,42.56705882352941,-75.559044,6.279531,17
2009,105001017876,40.49363636363636,-75.559044,6.279531,22
2010,105001017876,39.60999999999999,-75.559044,6.279531,25
2011,105001017876,34.6875,-75.559044,6.279531,32
2012,105001017876,39.35897435897436,-75.559044,6.279531,39
2013,105001017876,37.08,-75.559044,6.279531,25
2004,105001017965,40.64909033341841,-75.573532,6.2939601,22
2005,105001017965,43.45083342658149,-75.573532,6.2939601,36
2006,105001017965,47.55264705882355,-75.573532,6.2939601,34
2007,105001017965,45.07687500000002,-75.573532,6.2939601,32
2008,105001017965,42.64526315789473,-75.573532,6.2939601,38
2009,105001017965,43.96062500000001,-75.573532,6.2939601,32
2010,105001017965,43.63848484848484,-75.573532,6.2939601,33
2011,105001017965,49.01538461538462,-75.573532,6.2939601,65
2012,105001017965,45,-75.573532,6.2939601,35
2013,105001017965,44.09803921568628,-75.573532,6.2939601,51
2004,105001019011,39.83826007013736,-75.616035,6.2679386,23
2005,105001019011,41.71961556948148,-75.616035,6.2679386,26
2006,105001019011,45.48499999999999,-75.616035,6.2679386,22
2007,105001019011,44.52000000000002,-75.616035,6.2679386,35
2008,105001019011,44.53243243243244,-75.616035,6.2679386,37
2009,105001019011,40.80553571428571,-75.616035,6.2679386,56
2010,105001019011,44.8205,-75.616035,6.2679386,40
2011,105001019011,46.70967741935484,-75.616035,6.2679386,31
2012,105001019011,44.26829268292683,-75.616035,6.2679386,41
2013,105001019011,43.52,-75.616035,6.2679386,25
2004,105001019062,38.58794066485237,-75.55722,6.2713356,68
2005,105001019062,43.43122478407256,-75.55722,6.2713356,98
2006,105001019062,43.98716814159293,-75.55722,6.2713356,113
2007,105001019062,45.15999999999998,-75.55722,6.2713356,127
2008,105001019062,45.81899999999999,-75.55722,6.2713356,60
2009,105001019062,44.2316216216216,-75.55722,6.2713356,111
2010,105001019062,42.01725663716815,-75.55722,6.2713356,113
2011,105001019062,48.07692307692308,-75.55722,6.2713356,65
2012,105001019062,44.76470588235294,-75.55722,6.2713356,68
2013,105001019062,42.98888888888889,-75.55722,6.2713356,90
2004,105001019194,40.98229098320007,-75.574944,6.3000627,96
2005,105001019194,44.42735072078868,-75.574944,6.3000627,117
2006,105001019194,43.8281188118812,-75.574944,6.3000627,101
2007,105001019194,43.82195312499998,-75.574944,6.3000627,128
2008,105001019194,43.54040322580649,-75.574944,6.3000627,124
2009,105001019194,43.41307692307687,-75.574944,6.3000627,130
2010,105001019194,41.99008264462812,-75.574944,6.3000627,121
2011,105001019194,43.91752577319588,-75.574944,6.3000627,97
2012,105001019194,41.50724637681159,-75.574944,6.3000627,69
2013,105001019194,42.28735632183908,-75.574944,6.3000627,87
2004,105001019330,40.46229096253713,-75.620056,6.2775636,48
2005,105001019330,43.76145867506663,-75.620056,6.2775636,48
2006,105001019330,43.20372881355937,-75.620056,6.2775636,59
2007,105001019330,46.3161904761905,-75.620056,6.2775636,63
2008,105001019330,42.02786885245902,-75.620056,6.2775636,61
2009,105001019330,43.5258695652174,-75.620056,6.2775636,46
2010,105001019330,44.92250000000001,-75.620056,6.2775636,44
2011,105001019330,44.62068965517241,-75.620056,6.2775636,58
2012,105001019330,45.78846153846154,-75.620056,6.2775636,52
2013,105001019330,42.19354838709678,-75.620056,6.2775636,62
2004,105001019429,39.43606779310439,-75.547188,6.2505121,117
2005,105001019429,43.76575795953924,-75.547188,6.2505121,165
2006,105001019429,44.92459119496852,-75.547188,6.2505121,159
2007,105001019429,45.73141242937849,-75.547188,6.2505121,177
2008,105001019429,43.2509271523179,-75.547188,6.2505121,151
2009,105001019429,43.95556291390726,-75.547188,6.2505121,151
2010,105001019429,41.78315000000001,-75.547188,6.2505121,200
2011,105001019429,43.92700729927007,-75.547188,6.2505121,137
2012,105001019429,43.81118881118881,-75.547188,6.2505121,143
2013,105001019429,42.68918918918919,-75.547188,6.2505121,148
2004,105001019453,41.30246536045858,-75.553963,6.295341,73
2005,105001019453,43.11911438084856,-75.553963,6.295341,79
2006,105001019453,43.39402061855672,-75.553963,6.295341,97
2007,105001019453,41.82916129032254,-75.553963,6.295341,155
2008,105001019453,43.16419047619048,-75.553963,6.295341,105
2009,105001019453,41.76987341772151,-75.553963,6.295341,79
2010,105001019453,40.61558441558443,-75.553963,6.295341,154
2011,105001019453,43.76582278481013,-75.553963,6.295341,158
2012,105001019453,41.7787610619469,-75.553963,6.295341,113
2013,105001019453,41.9,-75.553963,6.295341,110
2004,105001019534,38.34999961853028,-75.540901,6.2639179,10
2005,105001019534,44.35055584377713,-75.540901,6.2639179,18
2006,105001019534,41.45681818181818,-75.540901,6.2639179,22
2007,105001019534,43.53485714285715,-75.540901,6.2639179,35
2008,105001019534,42.57114285714285,-75.540901,6.2639179,35
2009,105001019534,40.47333333333333,-75.540901,6.2639179,24
2010,105001019534,39.82777777777777,-75.540901,6.2639179,27
2011,105001019534,45.09090909090909,-75.540901,6.2639179,22
2012,105001019534,45.62745098039215,-75.540901,6.2639179,51
2013,105001019534,42.62857142857143,-75.540901,6.2639179,35
2004,105001019674,39.20196396963937,-75.551125,6.2389994,56
2005,105001019674,44.5755558543735,-75.551125,6.2389994,72
2006,105001019674,44.87008333333333,-75.551125,6.2389994,120
2007,105001019674,44.7809433962264,-75.551125,6.2389994,106
2008,105001019674,44.98747368421054,-75.551125,6.2389994,95
2009,105001019674,46.64721518987339,-75.551125,6.2389994,79
2010,105001019674,44.94446428571432,-75.551125,6.2389994,112
2011,105001019674,47.67045454545455,-75.551125,6.2389994,88
2012,105001019674,46.18,-75.551125,6.2389994,100
2013,105001019674,45.01,-75.551125,6.2389994,100
2004,105001021199,39.15283276240031,-75.624771,6.253232,60
2005,105001021199,42.09728832568153,-75.624771,6.253232,59
2006,105001021199,44.03589743589745,-75.624771,6.253232,78
2007,105001021199,42.30793814432992,-75.624771,6.253232,97
2008,105001021199,41.88099009900991,-75.624771,6.253232,101
2009,105001021199,41.01054347826086,-75.624771,6.253232,92
2010,105001021199,42.71224719101127,-75.624771,6.253232,89
2011,105001021199,40.91954022988506,-75.624771,6.253232,87
2012,105001021199,42.8,-75.624771,6.253232,90
2013,105001021199,42.20388349514563,-75.624771,6.253232,103
2004,105001021547,41.57444381713867,-75.592667,6.2797604,27
2005,105001021547,44.31529449014103,-75.592667,6.2797604,17
2006,105001021547,44.76000000000001,-75.592667,6.2797604,32
2007,105001021547,45.47108108108107,-75.592667,6.2797604,37
2008,105001021547,44.6744827586207,-75.592667,6.2797604,29
2009,105001021547,46.25885714285715,-75.592667,6.2797604,35
2010,105001021547,44.19976744186048,-75.592667,6.2797604,43
2011,105001021547,50.11428571428571,-75.592667,6.2797604,35
2012,105001021547,48.66666666666666,-75.592667,6.2797604,39
2013,105001021547,45.08571428571429,-75.592667,6.2797604,35
2004,105001021636,40.59483278062608,-75.581558,6.2910647,180
2005,105001021636,42.20157018927641,-75.581558,6.2910647,172
2006,105001021636,42.65273437499999,-75.581558,6.2910647,128
2007,105001021636,43.07639175257726,-75.581558,6.2910647,194
2008,105001021636,42.43308641975312,-75.581558,6.2910647,162
2009,105001021636,41.40682926829265,-75.581558,6.2910647,164
2010,105001021636,42.22122580645162,-75.581558,6.2910647,155
2011,105001021636,46.55645161290322,-75.581558,6.2910647,124
2012,105001021636,45.73333333333333,-75.581558,6.2910647,135
2013,105001021636,43.54918032786885,-75.581558,6.2910647,122
2004,105001021873,40.12095181904142,-75.540833,6.2448974,63
2005,105001021873,42.99626529647643,-75.540833,6.2448974,83
2006,105001021873,43.39468750000001,-75.540833,6.2448974,64
2007,105001021873,44.52050000000001,-75.540833,6.2448974,60
2008,105001021873,41.94193548387096,-75.540833,6.2448974,62
2009,105001021873,42.48901408450705,-75.540833,6.2448974,71
2010,105001021873,40.23716049382717,-75.540833,6.2448974,81
2011,105001021873,43.52325581395349,-75.540833,6.2448974,86
2012,105001021873,43.625,-75.540833,6.2448974,88
2013,105001021873,42.49295774647887,-75.540833,6.2448974,71
2004,105001022101,38.85322546189831,-75.549202,6.2735777,31
2005,105001022101,43.1851430620466,-75.549202,6.2735777,35
2006,105001022101,43.25073170731708,-75.549202,6.2735777,41
2007,105001022101,44.25684210526317,-75.549202,6.2735777,38
2008,105001022101,46.23000000000001,-75.549202,6.2735777,23
2009,105001022101,43.14149999999999,-75.549202,6.2735777,20
2010,105001022101,43.45096774193548,-75.549202,6.2735777,31
2011,105001022101,41.42857142857143,-75.549202,6.2735777,21
2012,105001022101,44.69565217391305,-75.549202,6.2735777,23
2013,105001022101,41.64516129032258,-75.549202,6.2735777,31
2004,105001023965,39.93315716793663,-75.554726,6.3039351,19
2005,105001023965,45.67969697894472,-75.554726,6.3039351,33
2006,105001023965,43.55076923076926,-75.554726,6.3039351,39
2007,105001023965,43.1884482758621,-75.554726,6.3039351,58
2008,105001023965,42.86769230769232,-75.554726,6.3039351,78
2009,105001023965,43.91764705882349,-75.554726,6.3039351,102
2010,105001023965,41.16573529411767,-75.554726,6.3039351,136
2011,105001023965,44.62790697674419,-75.554726,6.3039351,86
2012,105001023965,44.8169014084507,-75.554726,6.3039351,71
2013,105001023965,41.89873417721519,-75.554726,6.3039351,79
2004,105001024073,39.59925674317054,-75.575523,6.2967968,377
2005,105001024073,43.16155910491943,-75.575523,6.2967968,340
2006,105001024073,43.87442196531777,-75.575523,6.2967968,346
2007,105001024073,45.45054726368154,-75.575523,6.2967968,402
2008,105001024073,43.98781170483456,-75.575523,6.2967968,393
2009,105001024073,42.94101562499998,-75.575523,6.2967968,384
2010,105001024073,43.57006696428566,-75.575523,6.2967968,448
2011,105001024073,45.13962264150943,-75.575523,6.2967968,265
2012,105001024073,43.72243346007605,-75.575523,6.2967968,263
2013,105001024073,42.26976744186047,-75.575523,6.2967968,215
2004,105001025844,40.14188827938504,-75.538521,6.297575,90
2005,105001025844,43.78771767408951,-75.538521,6.297575,92
2006,105001025844,44.91851851851852,-75.538521,6.297575,108
2007,105001025844,44.51691056910568,-75.538521,6.297575,123
2008,105001025844,44.49333333333335,-75.538521,6.297575,120
2009,105001025844,43.51224358974356,-75.538521,6.297575,156
2010,105001025844,42.58486486486487,-75.538521,6.297575,148
2011,105001025844,46.21212121212121,-75.538521,6.297575,165
2012,105001025844,44.86231884057971,-75.538521,6.297575,138
2013,105001025844,44.21004566210046,-75.538521,6.297575,219
2004,305001004854,40.47459432241079,-75.562263,6.2768116,37
2005,305001004854,42.28227294575084,-75.562263,6.2768116,44
2006,305001004854,44.3989090909091,-75.562263,6.2768116,55
2007,305001004854,47.46917647058824,-75.562263,6.2768116,85
2008,305001004854,43.74381818181817,-75.562263,6.2768116,55
2009,305001004854,44.22806451612901,-75.562263,6.2768116,62
2010,305001004854,45.81683333333336,-75.562263,6.2768116,60
2011,305001004854,47.70588235294117,-75.562263,6.2768116,51
2012,305001004854,46.875,-75.562263,6.2768116,48
2013,305001004854,45.59183673469388,-75.562263,6.2768116,49
2004,305001007594,41.76985661642892,-75.575592,6.3030405,70
2005,305001007594,45.34117687449736,-75.575592,6.3030405,51
2006,305001007594,45.19058823529414,-75.575592,6.3030405,51
2007,305001007594,45.07243902439026,-75.575592,6.3030405,82
2008,305001007594,44.41727272727274,-75.575592,6.3030405,66
2009,305001007594,46.10879310344825,-75.575592,6.3030405,58
2010,305001007594,46.74923076923078,-75.575592,6.3030405,78
2011,305001007594,50.09677419354838,-75.575592,6.3030405,62
2012,305001007594,47.5945945945946,-75.575592,6.3030405,74
2013,305001007594,49.61111111111111,-75.575592,6.3030405,54
2004,305001015287,38.29868366843775,-75.542122,6.2933974,38
2005,305001015287,42.84647058973125,-75.542122,6.2933974,51
2006,305001015287,43.06132075471702,-75.542122,6.2933974,53
2007,305001015287,43.3334693877551,-75.542122,6.2933974,49
2008,305001015287,42.05789473684212,-75.542122,6.2933974,57
2009,305001015287,41.0971212121212,-75.542122,6.2933974,66
2010,305001015287,42.50081081081085,-75.542122,6.2933974,74
2011,305001015287,44.64444444444445,-75.542122,6.2933974,45
2012,305001015287,44.95522388059702,-75.542122,6.2933974,67
2013,305001015287,42.40243902439025,-75.542122,6.2933974,82
2004,305001018022,43.96357100350516,-75.566353,6.2789259,14
2005,305001018022,42.75384664535522,-75.566353,6.2789259,52
2006,305001018022,41.60250000000004,-75.566353,6.2789259,60
2007,305001018022,42.47337837837839,-75.566353,6.2789259,74
2008,305001018022,40.40123076923078,-75.566353,6.2789259,65
2009,305001018022,39.42934426229507,-75.566353,6.2789259,61
2010,305001018022,44.55703703703703,-75.566353,6.2789259,27
2011,305001018022,41.76744186046512,-75.566353,6.2789259,43
2012,305001018022,40.98275862068966,-75.566353,6.2789259,58
2013,305001018022,41.78125,-75.566353,6.2789259,32
2004,305001018839,41.48222139146593,-75.550873,6.2339334,9
2005,305001018839,44.38833355903625,-75.550873,6.2339334,24
2006,305001018839,48.08000000000001,-75.550873,6.2339334,29
2007,305001018839,47.64021739130435,-75.550873,6.2339334,46
2008,305001018839,47.13914893617021,-75.550873,6.2339334,47
2009,305001018839,47.9321875,-75.550873,6.2339334,64
2010,305001018839,46.18276595744681,-75.550873,6.2339334,47
2011,305001018839,50.59090909090909,-75.550873,6.2339334,66
2012,305001018839,46.8955223880597,-75.550873,6.2339334,67
2013,305001018839,48.74545454545454,-75.550873,6.2339334,55
2004,305001019690,39.7444673903445,-75.532875,6.2299976,47
2005,305001019690,45.13000007911965,-75.532875,6.2299976,54
2006,305001019690,43.20530303030306,-75.532875,6.2299976,66
2007,305001019690,43.95328767123289,-75.532875,6.2299976,73
2008,305001019690,41.85858823529411,-75.532875,6.2299976,85
2009,305001019690,41.48714285714284,-75.532875,6.2299976,84
2010,305001019690,43.524,-75.532875,6.2299976,70
2011,305001019690,43.41558441558441,-75.532875,6.2299976,77
2012,305001019690,42.11111111111111,-75.532875,6.2299976,63
2013,305001019690,41.49295774647887,-75.532875,6.2299976,71
2004,305001022232,40.89111073811849,-75.609894,6.2739644,9
2005,305001022232,44.21000031062535,-75.609894,6.2739644,14
2006,305001022232,43.4136,-75.609894,6.2739644,25
2007,305001022232,45.037,-75.609894,6.2739644,20
2008,305001022232,45.7864705882353,-75.609894,6.2739644,17
2009,305001022232,43.989,-75.609894,6.2739644,30
2010,305001022232,43.57933333333333,-75.609894,6.2739644,45
2011,305001022232,44.45945945945946,-75.609894,6.2739644,37
2012,305001022232,42.61904761904762,-75.609894,6.2739644,42
2013,305001022232,43.11904761904762,-75.609894,6.2739644,42
